{"count":1,"self":188.7374208,"total":1983.9368782,"children":{"InitializeActuators":{"count":30,"self":0.0020001,"total":0.0020001,"children":null},"InitializeSensors":{"count":30,"self":0.0010050999999999999,"total":0.0010050999999999999,"children":null},"AgentSendState":{"count":577851,"self":110.537984,"total":144.0651208,"children":{"CollectObservations":{"count":3467130,"self":1.3631590999999998,"total":1.3631590999999998,"children":null},"WriteActionMask":{"count":3467130,"self":0.42912819999999996,"total":0.42912819999999996,"children":null},"RequestDecision":{"count":3467130,"self":2.3255592,"total":31.7348525,"children":{"AgentInfo.ToProto":{"count":3467130,"self":1.7679251999999999,"total":29.4092934,"children":{"GenerateSensorData":{"count":3467130,"self":13.717532799999999,"total":27.641368099999998,"children":{"RayPerceptionSensor.Perceive":{"count":3467130,"self":13.9238352,"total":13.9238352,"children":null}}}}}}}}},"DecideAction":{"count":577851,"self":1589.3057536,"total":1589.3057211,"children":null},"AgentAct":{"count":577851,"self":61.674048,"total":61.825608499999994,"children":{"AgentInfo.ToProto":{"count":9557,"self":0.015026999999999999,"total":0.15155929999999998,"children":{"GenerateSensorData":{"count":9557,"self":0.0838617,"total":0.1365323,"children":{"RayPerceptionSensor.Perceive":{"count":9557,"self":0.0526706,"total":0.0526706,"children":null}}}}}}}},"gauges":{"zeroAgent.CumulativeReward":{"count":9557,"max":2.704565,"min":-50.0053825,"runningAverage":1.41631174,"value":1.83419466,"weightedAverage":1.83265924}},"metadata":{"timer_format_version":"0.1.0","start_time_seconds":"1697202426","unity_version":"2022.3.7f1","command_line_arguments":"C:\\Program Files\\Unity\\Hub\\Editor\\2022.3.7f1\\Editor\\Unity.exe -projectpath D:\\Project\\Unity\\zeroCrowd -useHub -hubIPC -cloudEnvironment production -licensingIpc LicenseClient-dalae -hubSessionId eedad667-84f4-493f-a901-ba32a48502cd -accessToken 0ZLGCcxTvYefLFOcsgtFBRzzT75JxFV5ljkbORTL-ok00df","communication_protocol_version":"1.5.0","com.unity.ml-agents_version":"2.0.1","scene_name":"RoadTest2","end_time_seconds":"1697204410"}}