{"count":1,"self":207.04855039999998,"total":2066.7109508999997,"children":{"InitializeActuators":{"count":30,"self":0.0010012999999999999,"total":0.0010012999999999999,"children":null},"InitializeSensors":{"count":30,"self":0.0015046,"total":0.0015046,"children":null},"AgentSendState":{"count":541017,"self":94.402335999999991,"total":124.5815423,"children":{"CollectObservations":{"count":3246120,"self":1.1253999,"total":1.1253999,"children":null},"WriteActionMask":{"count":3246120,"self":0.2926831,"total":0.2926831,"children":null},"RequestDecision":{"count":3246120,"self":2.1812918,"total":28.7611241,"children":{"AgentInfo.ToProto":{"count":3246120,"self":1.6424944,"total":26.5798323,"children":{"GenerateSensorData":{"count":3246120,"self":12.2984928,"total":24.9373379,"children":{"RayPerceptionSensor.Perceive":{"count":3246120,"self":12.6388456,"total":12.6388453,"children":null}}}}}}}}},"DecideAction":{"count":541017,"self":1684.7045632,"total":1684.7045489999998,"children":null},"AgentAct":{"count":541017,"self":50.2475072,"total":50.3737986,"children":{"AgentInfo.ToProto":{"count":8350,"self":0.0095319,"total":0.12629179999999998,"children":{"GenerateSensorData":{"count":8350,"self":0.0766384,"total":0.1167599,"children":{"RayPerceptionSensor.Perceive":{"count":8350,"self":0.0401215,"total":0.0401215,"children":null}}}}}}}},"gauges":{"zeroAgent.CumulativeReward":{"count":8350,"max":2.44517517,"min":-50.005394,"runningAverage":-1.035096,"value":1.7343483,"weightedAverage":1.73697138}},"metadata":{"timer_format_version":"0.1.0","start_time_seconds":"1697260803","unity_version":"2022.3.7f1","command_line_arguments":"C:\\Program Files\\Unity\\Hub\\Editor\\2022.3.7f1\\Editor\\Unity.exe -projectpath D:\\Project\\Unity\\zeroCrowd -useHub -hubIPC -cloudEnvironment production -licensingIpc LicenseClient-dalae -hubSessionId 28950913-ada8-4924-a408-e6862d84b8c4 -accessToken M9Et274XCRxybTTtVn4hWEQtVttb4brMhrGW9A6RI8A00df","communication_protocol_version":"1.5.0","com.unity.ml-agents_version":"2.0.1","scene_name":"RoadTest2","end_time_seconds":"1697262870"}}